City,Date Onset,Cases
CALOOCAN CITY,2/20/2020,1
CALOOCAN CITY,3/1/2020,2
CALOOCAN CITY,3/10/2020,3
CALOOCAN CITY,3/11/2020,1
CALOOCAN CITY,3/12/2020,4
CALOOCAN CITY,3/13/2020,3
CALOOCAN CITY,3/14/2020,6
CALOOCAN CITY,3/15/2020,6
CALOOCAN CITY,3/16/2020,5
CALOOCAN CITY,3/17/2020,7
CALOOCAN CITY,3/18/2020,5
CALOOCAN CITY,3/19/2020,3
CALOOCAN CITY,3/20/2020,7
CALOOCAN CITY,3/21/2020,1
CALOOCAN CITY,3/22/2020,3
CALOOCAN CITY,3/23/2020,6
CALOOCAN CITY,3/24/2020,5
CALOOCAN CITY,3/25/2020,6
CALOOCAN CITY,3/26/2020,4
CALOOCAN CITY,3/27/2020,4
CALOOCAN CITY,3/28/2020,2
CALOOCAN CITY,3/3/2020,1
CALOOCAN CITY,3/30/2020,2
CALOOCAN CITY,3/31/2020,3
CALOOCAN CITY,3/5/2020,1
CALOOCAN CITY,3/7/2020,1
CALOOCAN CITY,3/8/2020,2
CALOOCAN CITY,3/9/2020,2
CALOOCAN CITY,4/1/2020,3
CALOOCAN CITY,4/10/2020,3
CALOOCAN CITY,4/11/2020,5
CALOOCAN CITY,4/12/2020,2
CALOOCAN CITY,4/13/2020,2
CALOOCAN CITY,4/14/2020,3
CALOOCAN CITY,4/16/2020,1
CALOOCAN CITY,4/18/2020,2
CALOOCAN CITY,4/19/2020,1
CALOOCAN CITY,4/2/2020,4
CALOOCAN CITY,4/20/2020,3
CALOOCAN CITY,4/21/2020,1
CALOOCAN CITY,4/22/2020,2
CALOOCAN CITY,4/23/2020,2
CALOOCAN CITY,4/24/2020,2
CALOOCAN CITY,4/25/2020,4
CALOOCAN CITY,4/27/2020,1
CALOOCAN CITY,4/28/2020,1
CALOOCAN CITY,4/29/2020,2
CALOOCAN CITY,4/3/2020,2
CALOOCAN CITY,4/30/2020,3
CALOOCAN CITY,4/4/2020,4
CALOOCAN CITY,4/5/2020,3
CALOOCAN CITY,4/6/2020,3
CALOOCAN CITY,4/7/2020,1
CALOOCAN CITY,4/8/2020,2
CALOOCAN CITY,4/9/2020,5
CALOOCAN CITY,5/1/2020,1
CALOOCAN CITY,5/10/2020,1
CALOOCAN CITY,5/13/2020,1
CALOOCAN CITY,5/14/2020,1
CALOOCAN CITY,5/15/2020,1
CALOOCAN CITY,5/16/2020,1
CALOOCAN CITY,5/2/2020,2
CALOOCAN CITY,5/20/2020,1
CALOOCAN CITY,5/3/2020,1
CALOOCAN CITY,5/4/2020,3
CALOOCAN CITY,5/5/2020,1
CALOOCAN CITY,5/6/2020,2
CALOOCAN CITY,5/7/2020,2
CALOOCAN CITY,5/8/2020,2
CALOOCAN CITY,5/9/2020,1
CITY OF LAS PIÑAS,2/25/2020,1
CITY OF LAS PIÑAS,3/1/2020,1
CITY OF LAS PIÑAS,3/10/2020,2
CITY OF LAS PIÑAS,3/11/2020,5
CITY OF LAS PIÑAS,3/12/2020,3
CITY OF LAS PIÑAS,3/13/2020,5
CITY OF LAS PIÑAS,3/14/2020,3
CITY OF LAS PIÑAS,3/15/2020,4
CITY OF LAS PIÑAS,3/16/2020,9
CITY OF LAS PIÑAS,3/17/2020,8
CITY OF LAS PIÑAS,3/18/2020,1
CITY OF LAS PIÑAS,3/2/2020,2
CITY OF LAS PIÑAS,3/20/2020,4
CITY OF LAS PIÑAS,3/21/2020,3
CITY OF LAS PIÑAS,3/22/2020,4
CITY OF LAS PIÑAS,3/23/2020,4
CITY OF LAS PIÑAS,3/24/2020,1
CITY OF LAS PIÑAS,3/25/2020,3
CITY OF LAS PIÑAS,3/26/2020,5
CITY OF LAS PIÑAS,3/27/2020,1
CITY OF LAS PIÑAS,3/28/2020,7
CITY OF LAS PIÑAS,3/29/2020,2
CITY OF LAS PIÑAS,3/3/2020,1
CITY OF LAS PIÑAS,3/30/2020,10
CITY OF LAS PIÑAS,3/31/2020,8
CITY OF LAS PIÑAS,3/4/2020,2
CITY OF LAS PIÑAS,3/6/2020,3
CITY OF LAS PIÑAS,3/8/2020,3
CITY OF LAS PIÑAS,3/9/2020,2
CITY OF LAS PIÑAS,4/1/2020,7
CITY OF LAS PIÑAS,4/11/2020,1
CITY OF LAS PIÑAS,4/14/2020,2
CITY OF LAS PIÑAS,4/15/2020,1
CITY OF LAS PIÑAS,4/16/2020,1
CITY OF LAS PIÑAS,4/18/2020,2
CITY OF LAS PIÑAS,4/19/2020,2
CITY OF LAS PIÑAS,4/2/2020,2
CITY OF LAS PIÑAS,4/20/2020,1
CITY OF LAS PIÑAS,4/23/2020,2
CITY OF LAS PIÑAS,4/24/2020,1
CITY OF LAS PIÑAS,4/27/2020,2
CITY OF LAS PIÑAS,4/28/2020,1
CITY OF LAS PIÑAS,4/3/2020,7
CITY OF LAS PIÑAS,4/30/2020,1
CITY OF LAS PIÑAS,4/4/2020,3
CITY OF LAS PIÑAS,4/5/2020,6
CITY OF LAS PIÑAS,4/6/2020,3
CITY OF LAS PIÑAS,4/7/2020,3
CITY OF LAS PIÑAS,4/8/2020,5
CITY OF LAS PIÑAS,4/9/2020,2
CITY OF LAS PIÑAS,5/11/2020,1
CITY OF LAS PIÑAS,5/13/2020,2
CITY OF LAS PIÑAS,5/14/2020,3
CITY OF LAS PIÑAS,5/5/2020,1
CITY OF LAS PIÑAS,5/6/2020,1
CITY OF LAS PIÑAS,5/8/2020,2
CITY OF MAKATI,2/13/2020,1
CITY OF MAKATI,2/26/2020,2
CITY OF MAKATI,2/28/2020,1
CITY OF MAKATI,2/29/2020,1
CITY OF MAKATI,3/1/2020,5
CITY OF MAKATI,3/10/2020,6
CITY OF MAKATI,3/11/2020,13
CITY OF MAKATI,3/12/2020,9
CITY OF MAKATI,3/13/2020,14
CITY OF MAKATI,3/14/2020,16
CITY OF MAKATI,3/15/2020,13
CITY OF MAKATI,3/16/2020,13
CITY OF MAKATI,3/17/2020,8
CITY OF MAKATI,3/18/2020,6
CITY OF MAKATI,3/19/2020,16
CITY OF MAKATI,3/2/2020,1
CITY OF MAKATI,3/20/2020,17
CITY OF MAKATI,3/21/2020,13
CITY OF MAKATI,3/22/2020,6
CITY OF MAKATI,3/23/2020,6
CITY OF MAKATI,3/24/2020,8
CITY OF MAKATI,3/25/2020,12
CITY OF MAKATI,3/26/2020,8
CITY OF MAKATI,3/27/2020,8
CITY OF MAKATI,3/28/2020,10
CITY OF MAKATI,3/29/2020,7
CITY OF MAKATI,3/3/2020,4
CITY OF MAKATI,3/30/2020,9
CITY OF MAKATI,3/31/2020,12
CITY OF MAKATI,3/5/2020,3
CITY OF MAKATI,3/6/2020,3
CITY OF MAKATI,3/7/2020,6
CITY OF MAKATI,3/8/2020,5
CITY OF MAKATI,3/9/2020,10
CITY OF MAKATI,4/1/2020,12
CITY OF MAKATI,4/10/2020,7
CITY OF MAKATI,4/11/2020,11
CITY OF MAKATI,4/12/2020,3
CITY OF MAKATI,4/13/2020,5
CITY OF MAKATI,4/14/2020,6
CITY OF MAKATI,4/15/2020,6
CITY OF MAKATI,4/16/2020,5
CITY OF MAKATI,4/17/2020,2
CITY OF MAKATI,4/18/2020,5
CITY OF MAKATI,4/19/2020,6
CITY OF MAKATI,4/2/2020,16
CITY OF MAKATI,4/20/2020,4
CITY OF MAKATI,4/21/2020,2
CITY OF MAKATI,4/22/2020,3
CITY OF MAKATI,4/23/2020,2
CITY OF MAKATI,4/24/2020,1
CITY OF MAKATI,4/25/2020,2
CITY OF MAKATI,4/26/2020,1
CITY OF MAKATI,4/27/2020,1
CITY OF MAKATI,4/28/2020,2
CITY OF MAKATI,4/29/2020,2
CITY OF MAKATI,4/3/2020,5
CITY OF MAKATI,4/30/2020,1
CITY OF MAKATI,4/4/2020,12
CITY OF MAKATI,4/5/2020,6
CITY OF MAKATI,4/6/2020,12
CITY OF MAKATI,4/7/2020,6
CITY OF MAKATI,4/8/2020,16
CITY OF MAKATI,4/9/2020,7
CITY OF MAKATI,5/1/2020,3
CITY OF MAKATI,5/10/2020,2
CITY OF MAKATI,5/13/2020,2
CITY OF MAKATI,5/15/2020,1
CITY OF MAKATI,5/18/2020,2
CITY OF MAKATI,5/19/2020,1
CITY OF MAKATI,5/2/2020,6
CITY OF MAKATI,5/3/2020,1
CITY OF MAKATI,5/4/2020,3
CITY OF MAKATI,5/5/2020,2
CITY OF MAKATI,5/8/2020,1
CITY OF MAKATI,5/9/2020,2
CITY OF MALABON,3/10/2020,1
CITY OF MALABON,3/11/2020,1
CITY OF MALABON,3/16/2020,1
CITY OF MALABON,3/17/2020,1
CITY OF MALABON,3/19/2020,1
CITY OF MALABON,3/20/2020,1
CITY OF MALABON,3/21/2020,1
CITY OF MALABON,3/25/2020,2
CITY OF MALABON,3/26/2020,1
CITY OF MALABON,3/3/2020,1
CITY OF MALABON,3/30/2020,3
CITY OF MALABON,3/31/2020,2
CITY OF MALABON,3/8/2020,1
CITY OF MALABON,3/9/2020,1
CITY OF MALABON,4/1/2020,1
CITY OF MALABON,4/10/2020,1
CITY OF MALABON,4/12/2020,1
CITY OF MALABON,4/16/2020,2
CITY OF MALABON,4/19/2020,1
CITY OF MALABON,4/21/2020,2
CITY OF MALABON,4/23/2020,1
CITY OF MALABON,4/28/2020,1
CITY OF MALABON,4/4/2020,1
CITY OF MALABON,5/1/2020,2
CITY OF MALABON,5/11/2020,1
CITY OF MALABON,5/14/2020,1
CITY OF MALABON,5/16/2020,1
CITY OF MALABON,5/2/2020,1
CITY OF MANDALUYONG,2/15/2020,1
CITY OF MANDALUYONG,2/20/2020,1
CITY OF MANDALUYONG,2/25/2020,2
CITY OF MANDALUYONG,2/27/2020,1
CITY OF MANDALUYONG,2/28/2020,1
CITY OF MANDALUYONG,3/1/2020,2
CITY OF MANDALUYONG,3/10/2020,10
CITY OF MANDALUYONG,3/11/2020,4
CITY OF MANDALUYONG,3/12/2020,8
CITY OF MANDALUYONG,3/13/2020,7
CITY OF MANDALUYONG,3/14/2020,9
CITY OF MANDALUYONG,3/15/2020,8
CITY OF MANDALUYONG,3/16/2020,8
CITY OF MANDALUYONG,3/17/2020,7
CITY OF MANDALUYONG,3/18/2020,9
CITY OF MANDALUYONG,3/19/2020,1
CITY OF MANDALUYONG,3/20/2020,9
CITY OF MANDALUYONG,3/21/2020,8
CITY OF MANDALUYONG,3/22/2020,10
CITY OF MANDALUYONG,3/23/2020,8
CITY OF MANDALUYONG,3/24/2020,9
CITY OF MANDALUYONG,3/25/2020,6
CITY OF MANDALUYONG,3/26/2020,10
CITY OF MANDALUYONG,3/27/2020,12
CITY OF MANDALUYONG,3/28/2020,4
CITY OF MANDALUYONG,3/29/2020,6
CITY OF MANDALUYONG,3/3/2020,2
CITY OF MANDALUYONG,3/30/2020,13
CITY OF MANDALUYONG,3/31/2020,12
CITY OF MANDALUYONG,3/4/2020,1
CITY OF MANDALUYONG,3/5/2020,1
CITY OF MANDALUYONG,3/6/2020,2
CITY OF MANDALUYONG,3/7/2020,2
CITY OF MANDALUYONG,3/8/2020,2
CITY OF MANDALUYONG,3/9/2020,5
CITY OF MANDALUYONG,4/1/2020,10
CITY OF MANDALUYONG,4/10/2020,7
CITY OF MANDALUYONG,4/11/2020,3
CITY OF MANDALUYONG,4/12/2020,11
CITY OF MANDALUYONG,4/13/2020,4
CITY OF MANDALUYONG,4/14/2020,5
CITY OF MANDALUYONG,4/15/2020,3
CITY OF MANDALUYONG,4/16/2020,3
CITY OF MANDALUYONG,4/17/2020,3
CITY OF MANDALUYONG,4/18/2020,4
CITY OF MANDALUYONG,4/19/2020,1
CITY OF MANDALUYONG,4/2/2020,5
CITY OF MANDALUYONG,4/20/2020,2
CITY OF MANDALUYONG,4/22/2020,1
CITY OF MANDALUYONG,4/23/2020,1
CITY OF MANDALUYONG,4/24/2020,1
CITY OF MANDALUYONG,4/26/2020,3
CITY OF MANDALUYONG,4/27/2020,1
CITY OF MANDALUYONG,4/28/2020,1
CITY OF MANDALUYONG,4/3/2020,5
CITY OF MANDALUYONG,4/4/2020,9
CITY OF MANDALUYONG,4/5/2020,12
CITY OF MANDALUYONG,4/6/2020,11
CITY OF MANDALUYONG,4/7/2020,10
CITY OF MANDALUYONG,4/8/2020,7
CITY OF MANDALUYONG,4/9/2020,4
CITY OF MANDALUYONG,5/1/2020,3
CITY OF MANDALUYONG,5/10/2020,2
CITY OF MANDALUYONG,5/15/2020,2
CITY OF MANDALUYONG,5/2/2020,1
CITY OF MANDALUYONG,5/3/2020,1
CITY OF MANDALUYONG,5/6/2020,1
CITY OF MANDALUYONG,5/8/2020,1
CITY OF MANILA,2/14/2020,1
CITY OF MANILA,2/22/2020,1
CITY OF MANILA,2/25/2020,1
CITY OF MANILA,2/27/2020,2
CITY OF MANILA,2/29/2020,2
CITY OF MANILA,3/1/2020,1
CITY OF MANILA,3/10/2020,9
CITY OF MANILA,3/11/2020,14
CITY OF MANILA,3/12/2020,15
CITY OF MANILA,3/13/2020,11
CITY OF MANILA,3/14/2020,23
CITY OF MANILA,3/15/2020,18
CITY OF MANILA,3/16/2020,27
CITY OF MANILA,3/17/2020,26
CITY OF MANILA,3/18/2020,16
CITY OF MANILA,3/19/2020,14
CITY OF MANILA,3/2/2020,1
CITY OF MANILA,3/20/2020,15
CITY OF MANILA,3/21/2020,18
CITY OF MANILA,3/22/2020,16
CITY OF MANILA,3/23/2020,14
CITY OF MANILA,3/24/2020,13
CITY OF MANILA,3/25/2020,21
CITY OF MANILA,3/26/2020,8
CITY OF MANILA,3/27/2020,17
CITY OF MANILA,3/28/2020,24
CITY OF MANILA,3/29/2020,15
CITY OF MANILA,3/3/2020,3
CITY OF MANILA,3/30/2020,20
CITY OF MANILA,3/31/2020,20
CITY OF MANILA,3/4/2020,2
CITY OF MANILA,3/5/2020,2
CITY OF MANILA,3/6/2020,7
CITY OF MANILA,3/7/2020,5
CITY OF MANILA,3/8/2020,7
CITY OF MANILA,3/9/2020,11
CITY OF MANILA,4/1/2020,20
CITY OF MANILA,4/10/2020,13
CITY OF MANILA,4/11/2020,8
CITY OF MANILA,4/12/2020,12
CITY OF MANILA,4/13/2020,9
CITY OF MANILA,4/14/2020,11
CITY OF MANILA,4/15/2020,13
CITY OF MANILA,4/16/2020,9
CITY OF MANILA,4/17/2020,4
CITY OF MANILA,4/18/2020,17
CITY OF MANILA,4/19/2020,6
CITY OF MANILA,4/2/2020,12
CITY OF MANILA,4/20/2020,12
CITY OF MANILA,4/21/2020,9
CITY OF MANILA,4/22/2020,2
CITY OF MANILA,4/23/2020,3
CITY OF MANILA,4/24/2020,7
CITY OF MANILA,4/25/2020,6
CITY OF MANILA,4/26/2020,5
CITY OF MANILA,4/27/2020,5
CITY OF MANILA,4/28/2020,7
CITY OF MANILA,4/29/2020,5
CITY OF MANILA,4/3/2020,9
CITY OF MANILA,4/30/2020,4
CITY OF MANILA,4/4/2020,18
CITY OF MANILA,4/5/2020,12
CITY OF MANILA,4/6/2020,16
CITY OF MANILA,4/7/2020,22
CITY OF MANILA,4/8/2020,15
CITY OF MANILA,4/9/2020,18
CITY OF MANILA,5/1/2020,9
CITY OF MANILA,5/10/2020,2
CITY OF MANILA,5/12/2020,2
CITY OF MANILA,5/14/2020,1
CITY OF MANILA,5/15/2020,2
CITY OF MANILA,5/16/2020,1
CITY OF MANILA,5/17/2020,1
CITY OF MANILA,5/19/2020,1
CITY OF MANILA,5/2/2020,3
CITY OF MANILA,5/21/2020,1
CITY OF MANILA,5/22/2020,1
CITY OF MANILA,5/3/2020,5
CITY OF MANILA,5/4/2020,4
CITY OF MANILA,5/5/2020,5
CITY OF MANILA,5/6/2020,2
CITY OF MANILA,5/8/2020,11
CITY OF MANILA,5/9/2020,4
CITY OF MARIKINA,2/19/2020,1
CITY OF MARIKINA,2/29/2020,1
CITY OF MARIKINA,3/1/2020,1
CITY OF MARIKINA,3/10/2020,3
CITY OF MARIKINA,3/11/2020,2
CITY OF MARIKINA,3/12/2020,2
CITY OF MARIKINA,3/13/2020,3
CITY OF MARIKINA,3/14/2020,6
CITY OF MARIKINA,3/15/2020,4
CITY OF MARIKINA,3/17/2020,4
CITY OF MARIKINA,3/18/2020,2
CITY OF MARIKINA,3/19/2020,1
CITY OF MARIKINA,3/2/2020,1
CITY OF MARIKINA,3/20/2020,4
CITY OF MARIKINA,3/21/2020,3
CITY OF MARIKINA,3/22/2020,2
CITY OF MARIKINA,3/23/2020,3
CITY OF MARIKINA,3/24/2020,3
CITY OF MARIKINA,3/25/2020,2
CITY OF MARIKINA,3/26/2020,3
CITY OF MARIKINA,3/27/2020,3
CITY OF MARIKINA,3/28/2020,5
CITY OF MARIKINA,3/29/2020,6
CITY OF MARIKINA,3/30/2020,4
CITY OF MARIKINA,3/31/2020,1
CITY OF MARIKINA,3/5/2020,1
CITY OF MARIKINA,3/6/2020,1
CITY OF MARIKINA,3/9/2020,2
CITY OF MARIKINA,4/1/2020,6
CITY OF MARIKINA,4/10/2020,1
CITY OF MARIKINA,4/12/2020,1
CITY OF MARIKINA,4/13/2020,1
CITY OF MARIKINA,4/2/2020,3
CITY OF MARIKINA,4/25/2020,2
CITY OF MARIKINA,4/29/2020,1
CITY OF MARIKINA,4/3/2020,1
CITY OF MARIKINA,4/30/2020,1
CITY OF MARIKINA,4/4/2020,2
CITY OF MARIKINA,4/5/2020,2
CITY OF MARIKINA,4/6/2020,3
CITY OF MARIKINA,4/7/2020,1
CITY OF MARIKINA,4/8/2020,1
CITY OF MARIKINA,4/9/2020,2
CITY OF MARIKINA,5/11/2020,1
CITY OF MARIKINA,5/15/2020,1
CITY OF MARIKINA,5/17/2020,1
CITY OF MARIKINA,5/7/2020,1
CITY OF MUNTINLUPA,2/22/2020,1
CITY OF MUNTINLUPA,2/28/2020,1
CITY OF MUNTINLUPA,3/1/2020,3
CITY OF MUNTINLUPA,3/10/2020,3
CITY OF MUNTINLUPA,3/11/2020,2
CITY OF MUNTINLUPA,3/13/2020,3
CITY OF MUNTINLUPA,3/14/2020,3
CITY OF MUNTINLUPA,3/15/2020,3
CITY OF MUNTINLUPA,3/16/2020,5
CITY OF MUNTINLUPA,3/17/2020,7
CITY OF MUNTINLUPA,3/18/2020,9
CITY OF MUNTINLUPA,3/19/2020,4
CITY OF MUNTINLUPA,3/20/2020,1
CITY OF MUNTINLUPA,3/21/2020,5
CITY OF MUNTINLUPA,3/22/2020,2
CITY OF MUNTINLUPA,3/23/2020,1
CITY OF MUNTINLUPA,3/24/2020,1
CITY OF MUNTINLUPA,3/25/2020,1
CITY OF MUNTINLUPA,3/26/2020,1
CITY OF MUNTINLUPA,3/27/2020,5
CITY OF MUNTINLUPA,3/28/2020,4
CITY OF MUNTINLUPA,3/29/2020,3
CITY OF MUNTINLUPA,3/3/2020,2
CITY OF MUNTINLUPA,3/31/2020,2
CITY OF MUNTINLUPA,3/4/2020,1
CITY OF MUNTINLUPA,3/5/2020,2
CITY OF MUNTINLUPA,3/6/2020,1
CITY OF MUNTINLUPA,3/7/2020,2
CITY OF MUNTINLUPA,3/8/2020,1
CITY OF MUNTINLUPA,3/9/2020,1
CITY OF MUNTINLUPA,4/1/2020,3
CITY OF MUNTINLUPA,4/10/2020,6
CITY OF MUNTINLUPA,4/11/2020,2
CITY OF MUNTINLUPA,4/12/2020,5
CITY OF MUNTINLUPA,4/14/2020,3
CITY OF MUNTINLUPA,4/15/2020,2
CITY OF MUNTINLUPA,4/16/2020,1
CITY OF MUNTINLUPA,4/18/2020,2
CITY OF MUNTINLUPA,4/19/2020,1
CITY OF MUNTINLUPA,4/2/2020,1
CITY OF MUNTINLUPA,4/20/2020,2
CITY OF MUNTINLUPA,4/22/2020,5
CITY OF MUNTINLUPA,4/23/2020,2
CITY OF MUNTINLUPA,4/24/2020,1
CITY OF MUNTINLUPA,4/27/2020,3
CITY OF MUNTINLUPA,4/28/2020,2
CITY OF MUNTINLUPA,4/29/2020,2
CITY OF MUNTINLUPA,4/3/2020,2
CITY OF MUNTINLUPA,4/4/2020,4
CITY OF MUNTINLUPA,4/5/2020,2
CITY OF MUNTINLUPA,4/6/2020,4
CITY OF MUNTINLUPA,4/7/2020,3
CITY OF MUNTINLUPA,4/8/2020,1
CITY OF MUNTINLUPA,4/9/2020,4
CITY OF MUNTINLUPA,5/1/2020,1
CITY OF MUNTINLUPA,5/11/2020,1
CITY OF MUNTINLUPA,5/12/2020,1
CITY OF MUNTINLUPA,5/14/2020,2
CITY OF MUNTINLUPA,5/16/2020,1
CITY OF MUNTINLUPA,5/2/2020,1
CITY OF MUNTINLUPA,5/3/2020,1
CITY OF NAVOTAS,3/15/2020,1
CITY OF NAVOTAS,3/21/2020,1
CITY OF NAVOTAS,3/26/2020,1
CITY OF NAVOTAS,3/27/2020,1
CITY OF NAVOTAS,3/30/2020,1
CITY OF NAVOTAS,4/1/2020,2
CITY OF NAVOTAS,4/12/2020,1
CITY OF NAVOTAS,4/14/2020,1
CITY OF NAVOTAS,4/15/2020,2
CITY OF NAVOTAS,4/18/2020,1
CITY OF NAVOTAS,4/2/2020,1
CITY OF NAVOTAS,4/20/2020,3
CITY OF NAVOTAS,4/22/2020,1
CITY OF NAVOTAS,4/24/2020,1
CITY OF NAVOTAS,4/25/2020,1
CITY OF NAVOTAS,4/26/2020,1
CITY OF NAVOTAS,4/27/2020,2
CITY OF NAVOTAS,4/28/2020,1
CITY OF NAVOTAS,4/4/2020,1
CITY OF NAVOTAS,4/5/2020,1
CITY OF NAVOTAS,5/1/2020,1
CITY OF NAVOTAS,5/17/2020,1
CITY OF NAVOTAS,5/2/2020,1
CITY OF NAVOTAS,5/9/2020,1
CITY OF PARAÑAQUE,2/17/2020,1
CITY OF PARAÑAQUE,2/29/2020,2
CITY OF PARAÑAQUE,3/1/2020,2
CITY OF PARAÑAQUE,3/10/2020,5
CITY OF PARAÑAQUE,3/11/2020,7
CITY OF PARAÑAQUE,3/12/2020,9
CITY OF PARAÑAQUE,3/13/2020,9
CITY OF PARAÑAQUE,3/14/2020,8
CITY OF PARAÑAQUE,3/15/2020,10
CITY OF PARAÑAQUE,3/16/2020,11
CITY OF PARAÑAQUE,3/17/2020,8
CITY OF PARAÑAQUE,3/18/2020,11
CITY OF PARAÑAQUE,3/19/2020,6
CITY OF PARAÑAQUE,3/2/2020,2
CITY OF PARAÑAQUE,3/20/2020,16
CITY OF PARAÑAQUE,3/21/2020,8
CITY OF PARAÑAQUE,3/22/2020,11
CITY OF PARAÑAQUE,3/23/2020,16
CITY OF PARAÑAQUE,3/24/2020,15
CITY OF PARAÑAQUE,3/25/2020,8
CITY OF PARAÑAQUE,3/26/2020,11
CITY OF PARAÑAQUE,3/27/2020,12
CITY OF PARAÑAQUE,3/28/2020,10
CITY OF PARAÑAQUE,3/29/2020,11
CITY OF PARAÑAQUE,3/3/2020,1
CITY OF PARAÑAQUE,3/30/2020,8
CITY OF PARAÑAQUE,3/31/2020,6
CITY OF PARAÑAQUE,3/4/2020,3
CITY OF PARAÑAQUE,3/5/2020,1
CITY OF PARAÑAQUE,3/6/2020,1
CITY OF PARAÑAQUE,3/7/2020,4
CITY OF PARAÑAQUE,3/8/2020,2
CITY OF PARAÑAQUE,3/9/2020,4
CITY OF PARAÑAQUE,4/1/2020,10
CITY OF PARAÑAQUE,4/10/2020,4
CITY OF PARAÑAQUE,4/11/2020,1
CITY OF PARAÑAQUE,4/12/2020,2
CITY OF PARAÑAQUE,4/13/2020,3
CITY OF PARAÑAQUE,4/14/2020,4
CITY OF PARAÑAQUE,4/15/2020,8
CITY OF PARAÑAQUE,4/16/2020,3
CITY OF PARAÑAQUE,4/17/2020,1
CITY OF PARAÑAQUE,4/18/2020,4
CITY OF PARAÑAQUE,4/19/2020,4
CITY OF PARAÑAQUE,4/2/2020,5
CITY OF PARAÑAQUE,4/21/2020,3
CITY OF PARAÑAQUE,4/22/2020,4
CITY OF PARAÑAQUE,4/26/2020,2
CITY OF PARAÑAQUE,4/27/2020,1
CITY OF PARAÑAQUE,4/28/2020,4
CITY OF PARAÑAQUE,4/29/2020,2
CITY OF PARAÑAQUE,4/3/2020,10
CITY OF PARAÑAQUE,4/30/2020,1
CITY OF PARAÑAQUE,4/4/2020,9
CITY OF PARAÑAQUE,4/5/2020,11
CITY OF PARAÑAQUE,4/6/2020,8
CITY OF PARAÑAQUE,4/7/2020,11
CITY OF PARAÑAQUE,4/8/2020,14
CITY OF PARAÑAQUE,4/9/2020,10
CITY OF PARAÑAQUE,5/1/2020,4
CITY OF PARAÑAQUE,5/12/2020,1
CITY OF PARAÑAQUE,5/2/2020,1
CITY OF PARAÑAQUE,5/4/2020,2
CITY OF PARAÑAQUE,5/5/2020,1
CITY OF PARAÑAQUE,5/9/2020,1
CITY OF PASIG,2/1/2020,1
CITY OF PASIG,2/20/2020,1
CITY OF PASIG,2/24/2020,1
CITY OF PASIG,2/26/2020,1
CITY OF PASIG,2/7/2020,1
CITY OF PASIG,3/1/2020,4
CITY OF PASIG,3/10/2020,10
CITY OF PASIG,3/11/2020,4
CITY OF PASIG,3/12/2020,3
CITY OF PASIG,3/13/2020,11
CITY OF PASIG,3/14/2020,11
CITY OF PASIG,3/15/2020,5
CITY OF PASIG,3/16/2020,12
CITY OF PASIG,3/17/2020,8
CITY OF PASIG,3/18/2020,7
CITY OF PASIG,3/19/2020,6
CITY OF PASIG,3/2/2020,1
CITY OF PASIG,3/20/2020,5
CITY OF PASIG,3/21/2020,5
CITY OF PASIG,3/22/2020,6
CITY OF PASIG,3/23/2020,1
CITY OF PASIG,3/24/2020,4
CITY OF PASIG,3/25/2020,14
CITY OF PASIG,3/26/2020,6
CITY OF PASIG,3/27/2020,6
CITY OF PASIG,3/28/2020,8
CITY OF PASIG,3/29/2020,2
CITY OF PASIG,3/3/2020,1
CITY OF PASIG,3/30/2020,8
CITY OF PASIG,3/31/2020,5
CITY OF PASIG,3/4/2020,1
CITY OF PASIG,3/5/2020,4
CITY OF PASIG,3/6/2020,3
CITY OF PASIG,3/7/2020,4
CITY OF PASIG,3/8/2020,2
CITY OF PASIG,3/9/2020,6
CITY OF PASIG,4/1/2020,5
CITY OF PASIG,4/10/2020,6
CITY OF PASIG,4/11/2020,4
CITY OF PASIG,4/12/2020,3
CITY OF PASIG,4/13/2020,10
CITY OF PASIG,4/15/2020,3
CITY OF PASIG,4/16/2020,5
CITY OF PASIG,4/17/2020,1
CITY OF PASIG,4/18/2020,2
CITY OF PASIG,4/2/2020,8
CITY OF PASIG,4/20/2020,2
CITY OF PASIG,4/21/2020,2
CITY OF PASIG,4/23/2020,3
CITY OF PASIG,4/25/2020,3
CITY OF PASIG,4/27/2020,1
CITY OF PASIG,4/28/2020,2
CITY OF PASIG,4/29/2020,2
CITY OF PASIG,4/3/2020,7
CITY OF PASIG,4/30/2020,2
CITY OF PASIG,4/4/2020,8
CITY OF PASIG,4/5/2020,5
CITY OF PASIG,4/6/2020,6
CITY OF PASIG,4/7/2020,5
CITY OF PASIG,4/8/2020,6
CITY OF PASIG,4/9/2020,6
CITY OF PASIG,5/1/2020,1
CITY OF PASIG,5/10/2020,2
CITY OF PASIG,5/12/2020,4
CITY OF PASIG,5/14/2020,1
CITY OF PASIG,5/15/2020,2
CITY OF PASIG,5/16/2020,3
CITY OF PASIG,5/18/2020,1
CITY OF PASIG,5/2/2020,1
CITY OF PASIG,5/20/2020,1
CITY OF PASIG,5/21/2020,1
CITY OF PASIG,5/3/2020,3
CITY OF PASIG,5/4/2020,4
CITY OF PASIG,5/5/2020,3
CITY OF PASIG,5/6/2020,1
CITY OF PASIG,5/7/2020,1
CITY OF PASIG,5/8/2020,1
CITY OF PASIG,5/9/2020,1
CITY OF SAN JUAN,2/26/2020,1
CITY OF SAN JUAN,2/27/2020,1
CITY OF SAN JUAN,3/1/2020,2
CITY OF SAN JUAN,3/10/2020,4
CITY OF SAN JUAN,3/11/2020,4
CITY OF SAN JUAN,3/12/2020,7
CITY OF SAN JUAN,3/13/2020,7
CITY OF SAN JUAN,3/14/2020,7
CITY OF SAN JUAN,3/15/2020,15
CITY OF SAN JUAN,3/16/2020,4
CITY OF SAN JUAN,3/17/2020,7
CITY OF SAN JUAN,3/18/2020,8
CITY OF SAN JUAN,3/19/2020,9
CITY OF SAN JUAN,3/2/2020,2
CITY OF SAN JUAN,3/20/2020,7
CITY OF SAN JUAN,3/21/2020,5
CITY OF SAN JUAN,3/22/2020,3
CITY OF SAN JUAN,3/23/2020,5
CITY OF SAN JUAN,3/24/2020,5
CITY OF SAN JUAN,3/25/2020,1
CITY OF SAN JUAN,3/26/2020,2
CITY OF SAN JUAN,3/27/2020,2
CITY OF SAN JUAN,3/28/2020,2
CITY OF SAN JUAN,3/29/2020,4
CITY OF SAN JUAN,3/3/2020,2
CITY OF SAN JUAN,3/30/2020,3
CITY OF SAN JUAN,3/31/2020,1
CITY OF SAN JUAN,3/4/2020,2
CITY OF SAN JUAN,3/5/2020,7
CITY OF SAN JUAN,3/6/2020,4
CITY OF SAN JUAN,3/7/2020,5
CITY OF SAN JUAN,3/8/2020,8
CITY OF SAN JUAN,3/9/2020,7
CITY OF SAN JUAN,4/1/2020,4
CITY OF SAN JUAN,4/11/2020,2
CITY OF SAN JUAN,4/13/2020,1
CITY OF SAN JUAN,4/15/2020,1
CITY OF SAN JUAN,4/16/2020,1
CITY OF SAN JUAN,4/17/2020,2
CITY OF SAN JUAN,4/18/2020,1
CITY OF SAN JUAN,4/2/2020,1
CITY OF SAN JUAN,4/20/2020,1
CITY OF SAN JUAN,4/22/2020,1
CITY OF SAN JUAN,4/25/2020,2
CITY OF SAN JUAN,4/28/2020,1
CITY OF SAN JUAN,4/3/2020,3
CITY OF SAN JUAN,4/4/2020,5
CITY OF SAN JUAN,4/5/2020,3
CITY OF SAN JUAN,4/6/2020,1
CITY OF SAN JUAN,4/7/2020,4
CITY OF SAN JUAN,4/8/2020,1
CITY OF SAN JUAN,4/9/2020,2
CITY OF SAN JUAN,5/6/2020,1
CITY OF VALENZUELA,2/8/2020,1
CITY OF VALENZUELA,3/10/2020,1
CITY OF VALENZUELA,3/11/2020,1
CITY OF VALENZUELA,3/13/2020,1
CITY OF VALENZUELA,3/14/2020,2
CITY OF VALENZUELA,3/15/2020,2
CITY OF VALENZUELA,3/16/2020,1
CITY OF VALENZUELA,3/17/2020,1
CITY OF VALENZUELA,3/18/2020,2
CITY OF VALENZUELA,3/21/2020,2
CITY OF VALENZUELA,3/23/2020,1
CITY OF VALENZUELA,3/24/2020,2
CITY OF VALENZUELA,3/25/2020,1
CITY OF VALENZUELA,3/26/2020,3
CITY OF VALENZUELA,3/27/2020,2
CITY OF VALENZUELA,3/28/2020,1
CITY OF VALENZUELA,3/29/2020,5
CITY OF VALENZUELA,3/3/2020,1
CITY OF VALENZUELA,3/30/2020,2
CITY OF VALENZUELA,3/31/2020,3
CITY OF VALENZUELA,3/4/2020,1
CITY OF VALENZUELA,4/1/2020,3
CITY OF VALENZUELA,4/10/2020,1
CITY OF VALENZUELA,4/11/2020,1
CITY OF VALENZUELA,4/12/2020,3
CITY OF VALENZUELA,4/14/2020,1
CITY OF VALENZUELA,4/15/2020,2
CITY OF VALENZUELA,4/16/2020,1
CITY OF VALENZUELA,4/17/2020,1
CITY OF VALENZUELA,4/18/2020,1
CITY OF VALENZUELA,4/2/2020,3
CITY OF VALENZUELA,4/20/2020,1
CITY OF VALENZUELA,4/28/2020,1
CITY OF VALENZUELA,4/3/2020,1
CITY OF VALENZUELA,4/6/2020,3
CITY OF VALENZUELA,4/7/2020,3
CITY OF VALENZUELA,4/8/2020,2
CITY OF VALENZUELA,4/9/2020,3
CITY OF VALENZUELA,5/1/2020,2
CITY OF VALENZUELA,5/16/2020,1
CITY OF VALENZUELA,5/2/2020,3
CITY OF VALENZUELA,5/4/2020,1
CITY OF VALENZUELA,5/9/2020,1
PASAY CITY,2/25/2020,1
PASAY CITY,3/10/2020,6
PASAY CITY,3/11/2020,2
PASAY CITY,3/12/2020,2
PASAY CITY,3/13/2020,4
PASAY CITY,3/14/2020,2
PASAY CITY,3/15/2020,1
PASAY CITY,3/16/2020,6
PASAY CITY,3/17/2020,4
PASAY CITY,3/18/2020,4
PASAY CITY,3/19/2020,2
PASAY CITY,3/20/2020,7
PASAY CITY,3/21/2020,3
PASAY CITY,3/22/2020,8
PASAY CITY,3/23/2020,6
PASAY CITY,3/24/2020,5
PASAY CITY,3/25/2020,5
PASAY CITY,3/26/2020,5
PASAY CITY,3/27/2020,1
PASAY CITY,3/28/2020,5
PASAY CITY,3/29/2020,1
PASAY CITY,3/30/2020,8
PASAY CITY,3/31/2020,4
PASAY CITY,3/5/2020,1
PASAY CITY,3/6/2020,1
PASAY CITY,3/7/2020,1
PASAY CITY,3/9/2020,2
PASAY CITY,4/1/2020,3
PASAY CITY,4/10/2020,4
PASAY CITY,4/11/2020,2
PASAY CITY,4/12/2020,4
PASAY CITY,4/14/2020,3
PASAY CITY,4/15/2020,8
PASAY CITY,4/16/2020,5
PASAY CITY,4/17/2020,1
PASAY CITY,4/18/2020,10
PASAY CITY,4/19/2020,1
PASAY CITY,4/2/2020,7
PASAY CITY,4/20/2020,2
PASAY CITY,4/21/2020,2
PASAY CITY,4/22/2020,1
PASAY CITY,4/23/2020,1
PASAY CITY,4/24/2020,3
PASAY CITY,4/25/2020,3
PASAY CITY,4/26/2020,1
PASAY CITY,4/27/2020,7
PASAY CITY,4/28/2020,4
PASAY CITY,4/29/2020,3
PASAY CITY,4/3/2020,4
PASAY CITY,4/30/2020,5
PASAY CITY,4/4/2020,3
PASAY CITY,4/5/2020,7
PASAY CITY,4/6/2020,8
PASAY CITY,4/7/2020,10
PASAY CITY,4/8/2020,7
PASAY CITY,4/9/2020,5
PASAY CITY,5/1/2020,4
PASAY CITY,5/10/2020,7
PASAY CITY,5/11/2020,4
PASAY CITY,5/12/2020,1
PASAY CITY,5/13/2020,2
PASAY CITY,5/14/2020,1
PASAY CITY,5/15/2020,2
PASAY CITY,5/17/2020,2
PASAY CITY,5/2/2020,1
PASAY CITY,5/3/2020,5
PASAY CITY,5/4/2020,5
PASAY CITY,5/5/2020,4
PASAY CITY,5/6/2020,6
PASAY CITY,5/7/2020,1
PASAY CITY,5/8/2020,2
PASAY CITY,5/9/2020,3
PATEROS,3/13/2020,1
PATEROS,3/18/2020,1
PATEROS,3/20/2020,2
PATEROS,3/21/2020,1
PATEROS,3/24/2020,2
PATEROS,3/26/2020,3
PATEROS,3/28/2020,1
PATEROS,3/30/2020,1
PATEROS,3/6/2020,1
PATEROS,3/7/2020,1
PATEROS,3/9/2020,1
PATEROS,4/11/2020,1
PATEROS,4/12/2020,1
PATEROS,4/13/2020,1
PATEROS,4/14/2020,1
PATEROS,4/26/2020,1
PATEROS,4/3/2020,1
PATEROS,4/9/2020,1
PATEROS,5/15/2020,1
PATEROS,5/18/2020,1
QUEZON CITY,1/16/2020,1
QUEZON CITY,2/15/2020,2
QUEZON CITY,2/2/2020,1
QUEZON CITY,2/20/2020,1
QUEZON CITY,2/21/2020,1
QUEZON CITY,2/25/2020,2
QUEZON CITY,2/26/2020,1
QUEZON CITY,2/28/2020,3
QUEZON CITY,2/29/2020,6
QUEZON CITY,3/1/2020,7
QUEZON CITY,3/10/2020,20
QUEZON CITY,3/11/2020,32
QUEZON CITY,3/12/2020,30
QUEZON CITY,3/13/2020,41
QUEZON CITY,3/14/2020,40
QUEZON CITY,3/15/2020,30
QUEZON CITY,3/16/2020,52
QUEZON CITY,3/17/2020,31
QUEZON CITY,3/18/2020,38
QUEZON CITY,3/19/2020,35
QUEZON CITY,3/2/2020,3
QUEZON CITY,3/20/2020,45
QUEZON CITY,3/21/2020,28
QUEZON CITY,3/22/2020,21
QUEZON CITY,3/23/2020,28
QUEZON CITY,3/24/2020,32
QUEZON CITY,3/25/2020,35
QUEZON CITY,3/26/2020,30
QUEZON CITY,3/27/2020,22
QUEZON CITY,3/28/2020,28
QUEZON CITY,3/29/2020,24
QUEZON CITY,3/3/2020,11
QUEZON CITY,3/30/2020,35
QUEZON CITY,3/31/2020,17
QUEZON CITY,3/4/2020,5
QUEZON CITY,3/5/2020,7
QUEZON CITY,3/6/2020,13
QUEZON CITY,3/7/2020,18
QUEZON CITY,3/8/2020,12
QUEZON CITY,3/9/2020,22
QUEZON CITY,4/1/2020,25
QUEZON CITY,4/10/2020,17
QUEZON CITY,4/11/2020,23
QUEZON CITY,4/12/2020,20
QUEZON CITY,4/13/2020,14
QUEZON CITY,4/14/2020,7
QUEZON CITY,4/15/2020,9
QUEZON CITY,4/16/2020,7
QUEZON CITY,4/17/2020,11
QUEZON CITY,4/18/2020,11
QUEZON CITY,4/19/2020,9
QUEZON CITY,4/2/2020,27
QUEZON CITY,4/20/2020,10
QUEZON CITY,4/21/2020,7
QUEZON CITY,4/22/2020,8
QUEZON CITY,4/23/2020,9
QUEZON CITY,4/24/2020,9
QUEZON CITY,4/25/2020,3
QUEZON CITY,4/26/2020,4
QUEZON CITY,4/27/2020,5
QUEZON CITY,4/28/2020,14
QUEZON CITY,4/29/2020,9
QUEZON CITY,4/3/2020,25
QUEZON CITY,4/30/2020,3
QUEZON CITY,4/4/2020,23
QUEZON CITY,4/5/2020,24
QUEZON CITY,4/6/2020,23
QUEZON CITY,4/7/2020,17
QUEZON CITY,4/8/2020,17
QUEZON CITY,4/9/2020,13
QUEZON CITY,5/1/2020,4
QUEZON CITY,5/10/2020,4
QUEZON CITY,5/11/2020,3
QUEZON CITY,5/12/2020,5
QUEZON CITY,5/13/2020,3
QUEZON CITY,5/14/2020,4
QUEZON CITY,5/15/2020,5
QUEZON CITY,5/16/2020,4
QUEZON CITY,5/17/2020,2
QUEZON CITY,5/18/2020,2
QUEZON CITY,5/2/2020,6
QUEZON CITY,5/20/2020,1
QUEZON CITY,5/23/2020,1
QUEZON CITY,5/3/2020,6
QUEZON CITY,5/4/2020,6
QUEZON CITY,5/5/2020,3
QUEZON CITY,5/7/2020,3
QUEZON CITY,5/8/2020,5
QUEZON CITY,5/9/2020,3
TAGUIG CITY,3/1/2020,3
TAGUIG CITY,3/10/2020,8
TAGUIG CITY,3/11/2020,5
TAGUIG CITY,3/12/2020,6
TAGUIG CITY,3/13/2020,5
TAGUIG CITY,3/14/2020,1
TAGUIG CITY,3/15/2020,7
TAGUIG CITY,3/16/2020,11
TAGUIG CITY,3/17/2020,9
TAGUIG CITY,3/18/2020,5
TAGUIG CITY,3/19/2020,7
TAGUIG CITY,3/20/2020,5
TAGUIG CITY,3/21/2020,2
TAGUIG CITY,3/22/2020,1
TAGUIG CITY,3/23/2020,5
TAGUIG CITY,3/24/2020,2
TAGUIG CITY,3/25/2020,4
TAGUIG CITY,3/26/2020,9
TAGUIG CITY,3/27/2020,5
TAGUIG CITY,3/28/2020,5
TAGUIG CITY,3/29/2020,3
TAGUIG CITY,3/3/2020,1
TAGUIG CITY,3/30/2020,4
TAGUIG CITY,3/31/2020,4
TAGUIG CITY,3/4/2020,1
TAGUIG CITY,3/5/2020,1
TAGUIG CITY,3/6/2020,1
TAGUIG CITY,3/7/2020,3
TAGUIG CITY,3/8/2020,4
TAGUIG CITY,3/9/2020,2
TAGUIG CITY,4/1/2020,5
TAGUIG CITY,4/10/2020,4
TAGUIG CITY,4/11/2020,3
TAGUIG CITY,4/12/2020,2
TAGUIG CITY,4/13/2020,2
TAGUIG CITY,4/15/2020,3
TAGUIG CITY,4/16/2020,1
TAGUIG CITY,4/17/2020,2
TAGUIG CITY,4/18/2020,1
TAGUIG CITY,4/19/2020,3
TAGUIG CITY,4/2/2020,5
TAGUIG CITY,4/20/2020,2
TAGUIG CITY,4/21/2020,4
TAGUIG CITY,4/22/2020,2
TAGUIG CITY,4/24/2020,2
TAGUIG CITY,4/25/2020,2
TAGUIG CITY,4/26/2020,1
TAGUIG CITY,4/27/2020,3
TAGUIG CITY,4/28/2020,3
TAGUIG CITY,4/29/2020,1
TAGUIG CITY,4/3/2020,3
TAGUIG CITY,4/30/2020,3
TAGUIG CITY,4/4/2020,6
TAGUIG CITY,4/5/2020,1
TAGUIG CITY,4/6/2020,5
TAGUIG CITY,4/7/2020,4
TAGUIG CITY,4/8/2020,7
TAGUIG CITY,4/9/2020,1
TAGUIG CITY,5/1/2020,5
TAGUIG CITY,5/10/2020,1
TAGUIG CITY,5/11/2020,1
TAGUIG CITY,5/12/2020,1
TAGUIG CITY,5/13/2020,1
TAGUIG CITY,5/16/2020,1
TAGUIG CITY,5/18/2020,1
TAGUIG CITY,5/4/2020,3
TAGUIG CITY,5/5/2020,1
TAGUIG CITY,5/7/2020,1
TAGUIG CITY,5/9/2020,1
